id,x,y
joachimsthal-0,416366.0,5867740.5
joachimsthal-1,416179.5,5868093.0
joachimsthal-2,416597.0,5867705.2
joachimsthal-3,416473.7,5867741.4
joachimsthal-4,416207.6,5867765.7
joachimsthal-5,416624.7,5867801.5
joachimsthal-6,416058.6,5867879.3
joachimsthal-7,416650.3,5867878.8
joachimsthal-8,416776.9,5868033.3
joachimsthal-9,416169.9,5868141.0
joachimsthal-10,415480.7,5867715.0
joachimsthal-11,415431.9,5867706.7
joachimsthal-12,415879.8,5867697.0
joachimsthal-13,415725.3,5868031.7
joachimsthal-14,415579.7,5867797.0
joachimsthal-15,415510.3,5867746.9
joachimsthal-16,415594.3,5867800.7
joachimsthal-17,415863.8,5867817.7
joachimsthal-18,415703.6,5867834.7
joachimsthal-19,415883.5,5867849.7
joachimsthal-20,415876.3,5867873.7
joachimsthal-21,415765.6,5867884.2
joachimsthal-22,415877.6,5867908.1
joachimsthal-23,415837.5,5867940.2
joachimsthal-24,415701.3,5868045.0
joachimsthal-25,415714.6,5867971.9
joachimsthal-26,415868.3,5867974.4
joachimsthal-27,415743.1,5867985.3
joachimsthal-28,415813.6,5868015.1
joachimsthal-29,415819.9,5868068.4
joachimsthal-30,416458.7,5868210.8
joachimsthal-31,416026.3,5868262.0
joachimsthal-32,415933.2,5868266.3
joachimsthal-33,416322.6,5868296.6
joachimsthal-34,416663.7,5868298.5
joachimsthal-35,416337.7,5868309.3
joachimsthal-36,415972.1,5868319.0
joachimsthal-37,416576.9,5868340.7
joachimsthal-38,416014.0,5868339.5
joachimsthal-39,416741.6,5868351.0
joachimsthal-40,415886.8,5868200.8
joachimsthal-41,415900.8,5868264.7
joachimsthal-42,415299.3,5868329.2
joachimsthal-43,415440.0,5868401.0
joachimsthal-44,415875.0,5868437.2
joachimsthal-45,415914.8,5868451.4
joachimsthal-46,415343.3,5868461.3
joachimsthal-47,415708.0,5868561.0
joachimsthal-48,415397.3,5868573.2
joachimsthal-49,415585.5,5868595.7
joachimsthal-50,414756.8,5868241.7
joachimsthal-51,415090.9,5868262.7
joachimsthal-52,415019.7,5868271.3
joachimsthal-53,415277.2,5868283.2
joachimsthal-54,414808.0,5868305.8
joachimsthal-55,414892.6,5868345.5
joachimsthal-56,414565.1,5868357.0
joachimsthal-57,414918.6,5868397.2
joachimsthal-58,414685.3,5868408.1
joachimsthal-59,415041.1,5868436.7
joachimsthal-60,416715.8,5868366.4
joachimsthal-61,416318.1,5868374.0
joachimsthal-62,416099.7,5868431.8
joachimsthal-63,416107.8,5868426.4
joachimsthal-64,415997.2,5868469.3
joachimsthal-65,416396.6,5868487.7
joachimsthal-66,416254.9,5868474.5
joachimsthal-67,416747.4,5868485.0
joachimsthal-68,416690.1,5868485.4
joachimsthal-69,416147.0,5868510.7
joachimsthal-70,414561.5,5868472.2
joachimsthal-71,414914.3,5868493.3
joachimsthal-72,415153.9,5868498.0
joachimsthal-73,414581.1,5868509.2
joachimsthal-74,415208.5,5868527.5
joachimsthal-75,414715.8,5868588.9
joachimsthal-76,414808.9,5868596.2
joachimsthal-77,415013.5,5868605.3
joachimsthal-78,414565.9,5868660.6
joachimsthal-79,414723.7,5868686.4
joachimsthal-80,416183.4,5868513.9
joachimsthal-81,416294.2,5868517.7
joachimsthal-82,416524.0,5868527.8
joachimsthal-83,416293.0,5868530.8
joachimsthal-84,416126.1,5868555.8
joachimsthal-85,415918.4,5868578.8
joachimsthal-86,415966.2,5868599.7
joachimsthal-87,416020.0,5868710.2
joachimsthal-88,416419.0,5868719.8
joachimsthal-89,416146.5,5868723.0
joachimsthal-90,415259.2,5868629.7
joachimsthal-91,415548.1,5868634.8
joachimsthal-92,415485.2,5868652.1
joachimsthal-93,415790.1,5868666.6
joachimsthal-94,415269.1,5868673.6
joachimsthal-95,415446.8,5868729.3
joachimsthal-96,415760.6,5868829.3
joachimsthal-97,415782.0,5868891.1
joachimsthal-98,415484.7,5868902.5
joachimsthal-99,415459.2,5868906.5
joachimsthal-100,413487.0,5867995.5
joachimsthal-101,412769.8,5867675.0
joachimsthal-102,413190.0,5867683.4
joachimsthal-103,413396.4,5867715.8
joachimsthal-104,413207.0,5867765.0
joachimsthal-105,413200.6,5867781.4
joachimsthal-106,413382.9,5867792.9
joachimsthal-107,413190.3,5867795.0
joachimsthal-108,413218.7,5867917.9
joachimsthal-109,413275.0,5867929.3
joachimsthal-110,413976.8,5867695.0
joachimsthal-111,413728.6,5867731.4
joachimsthal-112,414027.3,5867675.2
joachimsthal-113,413715.1,5867693.0
joachimsthal-114,413789.0,5867762.3
joachimsthal-115,413950.3,5867793.8
joachimsthal-116,413957.1,5867865.2
joachimsthal-117,413695.0,5867882.5
joachimsthal-118,413662.5,5867987.1
joachimsthal-119,413989.0,5867991.3
joachimsthal-120,413835.3,5868006.6
joachimsthal-121,414000.6,5868017.6
joachimsthal-122,413755.3,5868041.1
joachimsthal-123,413489.5,5868043.4
joachimsthal-124,413896.5,5868063.6
joachimsthal-125,413976.5,5868072.7
joachimsthal-126,413922.9,5868075.3
joachimsthal-127,413940.6,5868083.2
joachimsthal-128,413533.6,5868090.0
joachimsthal-129,413653.8,5868103.8
joachimsthal-130,413245.0,5867933.3
joachimsthal-131,413122.7,5867991.7
joachimsthal-132,413369.7,5868027.3
joachimsthal-133,412840.0,5868027.3
joachimsthal-134,412766.9,5868242.3
joachimsthal-135,413423.4,5868118.0
joachimsthal-136,413360.8,5868118.2
joachimsthal-137,413284.4,5868122.5
joachimsthal-138,413369.1,5868179.3
joachimsthal-139,413217.5,5868182.8
joachimsthal-140,414270.0,5867896.2
joachimsthal-141,414296.9,5867975.9
joachimsthal-142,414178.3,5868081.0
joachimsthal-143,414337.8,5868087.4
joachimsthal-144,414547.4,5868167.8
joachimsthal-145,414349.8,5868176.2
joachimsthal-146,414350.3,5868192.3
joachimsthal-147,414206.7,5868213.7
joachimsthal-148,414282.1,5868213.7
joachimsthal-149,414332.0,5868213.6
joachimsthal-150,414044.2,5868219.0
joachimsthal-151,414378.4,5868209.8
joachimsthal-152,414402.1,5868268.7
joachimsthal-153,414535.5,5868299.4
joachimsthal-154,414152.6,5868321.9
joachimsthal-155,414236.0,5868328.2
joachimsthal-156,414398.9,5868339.3
joachimsthal-157,414320.0,5868340.4
joachimsthal-158,414298.7,5868342.7
joachimsthal-159,414371.2,5868344.5
joachimsthal-160,414514.1,5868367.5
joachimsthal-161,414243.3,5868366.0
joachimsthal-162,414168.1,5868402.1
joachimsthal-163,414187.4,5868408.4
joachimsthal-164,414193.2,5868420.5
joachimsthal-165,414081.1,5868426.4
joachimsthal-166,414252.3,5868422.6
joachimsthal-167,414426.5,5868445.1
joachimsthal-168,414498.6,5868462.0
joachimsthal-169,414374.3,5868474.8
joachimsthal-170,413953.5,5868149.8
joachimsthal-171,413770.1,5868210.1
joachimsthal-172,413865.7,5868237.4
joachimsthal-173,413764.8,5868292.0
joachimsthal-174,413849.5,5868304.7
joachimsthal-175,413890.2,5868314.2
joachimsthal-176,413532.5,5868400.2
joachimsthal-177,414018.0,5868444.9
joachimsthal-178,414169.9,5868450.4
joachimsthal-179,413437.8,5868462.2
joachimsthal-180,412990.4,5868179.7
joachimsthal-181,413419.8,5868211.5
joachimsthal-182,412875.0,5868244.8
joachimsthal-183,412814.4,5868245.5
joachimsthal-184,413299.9,5868533.7
joachimsthal-185,412796.6,5868884.0
joachimsthal-186,412794.1,5868567.3
joachimsthal-187,412975.9,5868798.0
joachimsthal-188,412854.2,5868798.9
joachimsthal-189,413450.3,5868835.9
joachimsthal-190,413563.3,5868475.5
joachimsthal-191,413988.4,5868477.8
joachimsthal-192,413970.4,5868481.2
joachimsthal-193,413820.1,5868557.7
joachimsthal-194,413981.6,5868568.8
joachimsthal-195,413845.9,5868579.2
joachimsthal-196,413721.0,5868632.1
joachimsthal-197,413737.2,5868641.8
joachimsthal-198,414068.0,5868650.6
joachimsthal-199,413869.5,5868707.5
joachimsthal-200,416699.9,5867728.4
joachimsthal-201,417331.8,5867681.1
joachimsthal-202,416963.0,5867723.1
joachimsthal-203,417152.0,5867707.4
joachimsthal-204,417364.7,5867719.3
joachimsthal-205,416831.2,5867731.5
joachimsthal-206,417037.8,5867795.2
joachimsthal-207,417193.3,5867810.9
joachimsthal-208,417167.8,5867849.0
joachimsthal-209,417363.8,5867845.9
joachimsthal-210,417862.9,5867707.3
joachimsthal-211,418353.2,5867813.3
joachimsthal-212,418431.6,5867817.9
joachimsthal-213,418331.9,5867827.6
joachimsthal-214,418514.1,5867836.9
joachimsthal-215,418148.7,5867849.8
joachimsthal-216,418542.6,5867852.6
joachimsthal-217,418598.2,5868049.0
joachimsthal-218,418126.1,5868082.1
joachimsthal-219,418061.5,5868099.0
joachimsthal-220,417914.1,5867775.0
joachimsthal-221,418022.7,5867799.8
joachimsthal-222,417364.6,5867806.2
joachimsthal-223,418037.9,5867817.6
joachimsthal-224,417846.0,5867876.4
joachimsthal-225,417570.2,5867892.8
joachimsthal-226,417545.7,5867912.9
joachimsthal-227,417435.8,5867944.8
joachimsthal-228,417468.5,5868374.1
joachimsthal-229,417403.7,5868434.4
joachimsthal-230,417350.9,5867912.4
joachimsthal-231,417232.9,5867948.8
joachimsthal-232,416964.4,5867963.4
joachimsthal-233,417222.1,5868017.1
joachimsthal-234,417047.6,5868072.7
joachimsthal-235,417041.1,5868092.1
joachimsthal-236,417328.1,5868100.0
joachimsthal-237,416941.7,5868118.0
joachimsthal-238,416892.8,5868129.5
joachimsthal-239,417340.3,5868143.7
joachimsthal-240,416843.9,5868294.8
joachimsthal-241,416830.5,5868345.1
joachimsthal-242,417112.5,5868390.4
joachimsthal-243,416860.0,5868402.0
joachimsthal-244,417241.5,5868401.4
joachimsthal-245,417065.9,5868403.8
joachimsthal-246,416843.1,5868421.9
joachimsthal-247,416754.9,5868432.2
joachimsthal-248,417184.9,5868426.1
joachimsthal-249,417064.3,5868425.4
joachimsthal-250,418213.8,5868210.8
joachimsthal-251,418220.9,5868279.3
joachimsthal-252,418176.1,5868282.8
joachimsthal-253,418115.9,5868285.0
joachimsthal-254,418537.9,5868356.5
joachimsthal-255,418475.5,5868417.9
joachimsthal-256,418550.3,5868426.4
joachimsthal-257,418146.0,5868462.0
joachimsthal-258,418506.3,5868454.4
joachimsthal-259,418103.2,5868535.3
joachimsthal-260,417279.6,5868444.9
joachimsthal-261,417135.2,5868443.8
joachimsthal-262,416771.6,5868458.8
joachimsthal-263,417306.0,5868469.0
joachimsthal-264,416806.6,5868480.8
joachimsthal-265,416855.8,5868497.2
joachimsthal-266,416806.0,5868496.6
joachimsthal-267,417026.7,5868504.8
joachimsthal-268,416931.0,5868514.3
joachimsthal-269,416991.5,5868552.5
joachimsthal-270,418117.6,5868538.9
joachimsthal-271,418390.8,5868553.0
joachimsthal-272,418054.8,5868562.9
joachimsthal-273,418191.8,5868618.9
joachimsthal-274,418608.4,5868644.2
joachimsthal-275,418137.9,5868641.2
joachimsthal-276,418087.6,5868658.1
joachimsthal-277,418690.8,5868700.3
joachimsthal-278,418549.2,5868706.5
joachimsthal-279,418338.0,5868726.1
joachimsthal-280,417113.9,5868759.4
joachimsthal-281,416896.1,5868763.1
joachimsthal-282,416942.5,5868776.4
joachimsthal-283,416923.4,5868778.6
joachimsthal-284,416863.8,5868784.6
joachimsthal-285,417129.7,5868901.8
joachimsthal-286,416922.2,5868961.0
joachimsthal-287,416902.6,5868975.0
joachimsthal-288,417029.1,5868998.8
joachimsthal-289,416957.7,5869013.2
joachimsthal-290,418006.3,5868583.7
joachimsthal-291,418027.7,5868669.9
joachimsthal-292,417958.8,5868680.9
joachimsthal-293,417897.9,5868680.6
joachimsthal-294,417704.8,5868694.7
joachimsthal-295,417896.4,5868716.2
joachimsthal-296,417942.4,5868877.4
joachimsthal-297,417931.4,5868950.3
joachimsthal-298,417650.6,5868958.5
joachimsthal-299,417582.8,5868957.3
joachimsthal-300,414323.0,5868518.7
joachimsthal-301,414158.5,5868525.1
joachimsthal-302,414224.8,5868539.8
joachimsthal-303,414374.6,5868559.7
joachimsthal-304,414070.1,5868562.1
joachimsthal-305,414429.5,5868587.4
joachimsthal-306,414336.5,5868607.1
joachimsthal-307,414191.1,5868700.5
joachimsthal-308,414466.5,5868719.8
joachimsthal-309,414346.1,5868727.6
joachimsthal-310,414369.8,5868726.1
joachimsthal-311,414071.2,5868744.6
joachimsthal-312,414186.6,5868795.0
joachimsthal-313,414268.5,5868844.3
joachimsthal-314,414473.1,5868875.1
joachimsthal-315,414237.2,5868877.7
joachimsthal-316,414232.0,5868916.3
joachimsthal-317,414418.6,5868913.2
joachimsthal-318,414149.2,5868923.7
joachimsthal-319,414496.1,5868957.6
joachimsthal-320,413888.9,5868748.0
joachimsthal-321,413675.3,5868775.5
joachimsthal-322,413852.0,5868825.7
joachimsthal-323,413841.1,5868842.3
joachimsthal-324,414015.6,5868880.9
joachimsthal-325,413488.2,5868907.4
joachimsthal-326,413750.9,5868994.2
joachimsthal-327,413667.7,5869015.0
joachimsthal-328,414175.4,5869027.2
joachimsthal-329,413879.2,5869081.7
joachimsthal-330,414193.4,5868963.8
joachimsthal-331,414436.5,5868971.3
joachimsthal-332,414310.9,5868991.4
joachimsthal-333,414275.8,5869042.1
joachimsthal-334,414172.8,5869072.5
joachimsthal-335,414239.8,5869079.6
joachimsthal-336,414517.0,5869174.5
joachimsthal-337,414399.6,5869230.8
joachimsthal-338,414247.0,5869236.2
joachimsthal-339,414432.5,5869247.1
joachimsthal-340,413600.4,5869127.5
joachimsthal-341,413859.5,5869139.1
joachimsthal-342,413985.1,5869194.0
joachimsthal-343,413819.9,5869247.0
joachimsthal-344,413581.6,5869546.8
joachimsthal-345,414019.0,5869585.0
joachimsthal-346,413858.2,5869585.4
joachimsthal-347,413799.5,5869589.6
joachimsthal-348,413901.2,5869593.9
joachimsthal-349,413766.1,5869633.3
joachimsthal-350,414300.1,5869291.9
joachimsthal-351,414195.3,5869304.9
joachimsthal-352,414414.4,5869338.3
joachimsthal-353,414322.2,5869427.2
joachimsthal-354,414413.4,5869437.6
joachimsthal-355,414319.8,5869482.6
joachimsthal-356,414356.0,5869502.4
joachimsthal-357,414535.4,5869514.8
joachimsthal-358,414622.5,5869557.3
joachimsthal-359,414128.7,5869561.0
joachimsthal-360,412785.3,5869081.4
joachimsthal-361,412738.5,5869144.2
joachimsthal-362,413158.7,5869159.0
joachimsthal-363,412742.5,5869015.3
joachimsthal-364,412738.5,5869162.1
joachimsthal-365,413201.3,5869300.9
joachimsthal-366,412743.4,5869482.7
joachimsthal-367,412817.8,5869456.9
joachimsthal-368,412921.3,5869624.8
joachimsthal-369,413133.0,5869651.1
joachimsthal-370,414009.3,5869646.0
joachimsthal-371,413853.4,5869666.8
joachimsthal-372,414002.0,5869720.5
joachimsthal-373,413843.1,5869726.2
joachimsthal-374,413473.7,5869731.6
joachimsthal-375,414047.7,5869787.7
joachimsthal-376,413522.7,5869864.8
joachimsthal-377,413890.4,5869873.6
joachimsthal-378,413710.5,5869872.9
joachimsthal-379,413891.0,5869891.3
joachimsthal-380,414516.9,5869674.0
joachimsthal-381,414393.8,5869711.8
joachimsthal-382,414453.0,5869714.8
joachimsthal-383,414397.7,5869733.6
joachimsthal-384,414280.9,5869744.7
joachimsthal-385,414221.4,5869744.8
joachimsthal-386,414128.2,5869763.4
joachimsthal-387,414314.0,5869787.0
joachimsthal-388,414080.0,5869794.7
joachimsthal-389,414140.9,5869811.0
joachimsthal-390,412992.2,5869687.9
joachimsthal-391,412749.2,5869717.7
joachimsthal-392,413366.4,5869833.2
joachimsthal-393,413247.8,5869903.2
joachimsthal-394,413082.2,5869939.0
joachimsthal-395,413111.9,5869977.4
joachimsthal-396,412864.9,5869853.4
joachimsthal-397,412904.4,5869992.1
joachimsthal-398,412973.2,5869994.8
joachimsthal-399,412863.3,5870004.5
joachimsthal-400,415030.0,5868700.1
joachimsthal-401,414707.7,5868729.2
joachimsthal-402,415107.7,5868766.5
joachimsthal-403,414798.4,5868785.9
joachimsthal-404,414726.3,5868777.1
joachimsthal-405,415202.4,5868855.4
joachimsthal-406,414978.8,5868860.6
joachimsthal-407,414703.7,5868902.2
joachimsthal-408,414556.9,5868913.9
joachimsthal-409,414814.6,5868916.4
joachimsthal-410,416209.4,5868817.2
joachimsthal-411,416438.4,5868838.8
joachimsthal-412,416268.2,5868842.6
joachimsthal-413,415990.7,5868840.4
joachimsthal-414,416327.4,5868849.8
joachimsthal-415,416208.7,5868865.8
joachimsthal-416,416456.3,5868873.0
joachimsthal-417,415942.5,5868906.1
joachimsthal-418,416260.8,5868929.2
joachimsthal-419,416025.9,5868939.6
joachimsthal-420,415606.5,5868929.9
joachimsthal-421,415824.3,5868947.9
joachimsthal-422,415786.1,5868957.6
joachimsthal-423,415734.2,5868980.0
joachimsthal-424,415376.4,5869012.1
joachimsthal-425,415501.4,5869047.7
joachimsthal-426,415394.6,5869093.2
joachimsthal-427,415430.3,5869161.0
joachimsthal-428,415481.4,5869163.9
joachimsthal-429,415326.2,5869170.5
joachimsthal-430,415144.1,5868917.8
joachimsthal-431,414695.5,5868959.7
joachimsthal-432,415124.6,5868980.8
joachimsthal-433,414890.3,5869021.3
joachimsthal-434,414626.0,5869037.2
joachimsthal-435,414677.0,5869037.2
joachimsthal-436,414652.6,5869117.6
joachimsthal-437,415206.2,5869159.5
joachimsthal-438,415148.2,5869156.2
joachimsthal-439,415177.9,5869251.6
joachimsthal-440,414710.6,5869309.5
joachimsthal-441,414587.0,5869323.9
joachimsthal-442,414883.1,5869337.5
joachimsthal-443,414670.3,5869359.6
joachimsthal-444,415148.0,5869381.6
joachimsthal-445,415003.7,5869392.6
joachimsthal-446,415149.8,5869411.5
joachimsthal-447,414740.1,5869438.0
joachimsthal-448,414901.0,5869451.9
joachimsthal-449,415215.5,5869477.1
joachimsthal-450,415493.0,5869227.8
joachimsthal-451,415600.5,5869239.6
joachimsthal-452,415457.5,5869289.5
joachimsthal-453,415513.1,5869379.1
joachimsthal-454,415791.6,5869393.4
joachimsthal-455,415274.9,5869437.7
joachimsthal-456,415895.4,5869461.4
joachimsthal-457,415941.5,5869473.6
joachimsthal-458,415239.0,5869518.0
joachimsthal-459,415688.5,5869552.2
joachimsthal-460,415435.6,5869550.8
joachimsthal-461,414941.0,5869610.6
joachimsthal-462,415203.4,5869628.2
joachimsthal-463,414570.6,5869639.7
joachimsthal-464,415207.3,5869666.1
joachimsthal-465,414933.8,5869716.0
joachimsthal-466,415008.8,5869715.7
joachimsthal-467,415173.1,5869735.4
joachimsthal-468,415011.2,5869746.9
joachimsthal-469,414530.6,5869764.5
joachimsthal-470,416682.7,5869227.3
joachimsthal-471,416755.4,5869291.8
joachimsthal-472,416684.0,5869305.0
joachimsthal-473,416652.6,5869394.8
joachimsthal-474,416588.7,5869574.2
joachimsthal-475,416746.5,5869575.8
joachimsthal-476,416601.8,5869640.3
joachimsthal-477,416656.5,5869676.4
joachimsthal-478,416662.9,5869702.3
joachimsthal-479,416209.5,5872063.8
joachimsthal-480,415337.1,5869546.5
joachimsthal-481,415595.9,5869569.2
joachimsthal-482,415530.9,5871863.0
joachimsthal-483,415256.6,5871937.3
joachimsthal-484,415400.8,5871970.3
joachimsthal-485,415720.1,5872135.7
joachimsthal-486,415438.3,5872165.5
joachimsthal-487,415712.9,5872188.0
joachimsthal-488,415848.6,5872206.1
joachimsthal-489,415695.1,5872251.0
joachimsthal-490,414655.1,5869795.9
joachimsthal-491,414875.3,5869803.3
joachimsthal-492,414745.7,5869805.5
joachimsthal-493,414659.1,5869817.6
joachimsthal-494,414725.5,5869828.0
joachimsthal-495,414585.1,5869862.4
joachimsthal-496,414962.6,5870954.1
joachimsthal-497,414798.4,5871000.4
joachimsthal-498,415012.4,5871269.4
joachimsthal-499,414943.0,5871731.6
joachimsthal-500,418362.1,5868738.1
joachimsthal-501,418142.1,5868796.7
joachimsthal-502,418239.8,5868827.1
joachimsthal-503,418535.0,5868835.3
joachimsthal-504,418151.1,5868876.3
joachimsthal-505,418582.6,5868886.5
joachimsthal-506,418383.2,5868918.3
joachimsthal-507,418429.0,5868920.5
joachimsthal-508,418483.4,5868920.7
joachimsthal-509,418525.2,5868920.9
joachimsthal-510,418235.4,5868965.8
joachimsthal-511,417486.6,5868970.8
joachimsthal-512,417918.1,5869084.0
joachimsthal-513,417401.1,5869137.4
joachimsthal-514,417404.8,5869169.3
joachimsthal-515,417401.4,5869233.4
joachimsthal-516,417439.2,5869237.1
joachimsthal-517,417775.0,5869273.4
joachimsthal-518,417463.0,5869313.3
joachimsthal-519,417746.4,5869317.2
joachimsthal-520,417004.4,5869027.8
joachimsthal-521,417181.2,5869041.7
joachimsthal-522,416962.6,5869065.8
joachimsthal-523,417017.8,5869088.6
joachimsthal-524,416943.9,5869109.6
joachimsthal-525,416980.2,5869223.6
joachimsthal-526,417094.1,5869245.4
joachimsthal-527,416786.9,5869250.4
joachimsthal-528,416787.7,5869269.7
joachimsthal-529,416693.2,5869261.4
joachimsthal-530,416945.8,5869272.1
joachimsthal-531,417265.9,5869291.6
joachimsthal-532,417311.1,5869343.2
joachimsthal-533,417257.4,5869341.2
joachimsthal-534,417015.3,5869354.0
joachimsthal-535,416984.7,5869366.3
joachimsthal-536,416897.3,5869379.4
joachimsthal-537,417023.7,5869408.6
joachimsthal-538,417099.7,5869430.6
joachimsthal-539,417115.3,5869439.2
joachimsthal-540,418086.7,5869111.5
joachimsthal-541,418683.4,5871804.1
joachimsthal-542,418652.4,5871753.6
joachimsthal-543,418063.8,5872093.5
joachimsthal-544,418715.0,5872400.4
joachimsthal-545,418658.4,5872400.4
joachimsthal-546,418333.7,5872443.2
joachimsthal-547,418694.0,5872451.2
joachimsthal-548,418477.7,5872482.6
joachimsthal-549,418516.3,5872496.3
joachimsthal-550,417405.6,5869597.8
joachimsthal-551,417519.6,5872026.0
joachimsthal-552,417823.5,5872184.0
joachimsthal-553,417775.2,5872203.5
joachimsthal-554,417847.6,5872225.6
joachimsthal-555,417785.6,5872274.1
joachimsthal-556,417609.0,5872314.0
joachimsthal-557,417644.8,5872375.1
joachimsthal-558,417869.1,5872399.0
joachimsthal-559,417466.9,5872408.8
joachimsthal-560,416927.2,5869474.9
joachimsthal-561,416979.9,5869507.5
joachimsthal-562,416971.0,5870179.0
joachimsthal-563,417152.7,5872102.2
joachimsthal-564,416745.5,5872160.2
joachimsthal-565,417086.2,5872279.6
joachimsthal-566,417073.8,5872396.9
joachimsthal-567,417021.3,5872429.8
joachimsthal-568,417358.2,5872662.5
joachimsthal-569,417246.3,5872678.5
joachimsthal-570,417619.6,5872419.6
joachimsthal-571,417777.1,5872444.3
joachimsthal-572,418078.4,5872464.7
joachimsthal-573,417519.9,5872474.9
joachimsthal-574,417630.9,5872483.7
joachimsthal-575,417881.8,5872482.6
joachimsthal-576,417720.5,5872528.9
joachimsthal-577,417537.0,5872552.1
joachimsthal-578,417716.0,5872565.0
joachimsthal-579,417425.3,5872571.9
joachimsthal-580,417899.5,5872587.4
joachimsthal-581,417698.3,5872614.1
joachimsthal-582,417671.3,5872706.0
joachimsthal-583,417469.7,5872705.5
joachimsthal-584,417807.6,5872716.7
joachimsthal-585,417382.8,5872720.2
joachimsthal-586,418037.5,5872794.0
joachimsthal-587,417766.6,5872851.8
joachimsthal-588,417909.1,5872860.5
joachimsthal-589,417995.9,5872870.5
joachimsthal-590,418126.3,5872587.4
joachimsthal-591,418585.2,5872481.5
joachimsthal-592,418043.7,5872703.0
joachimsthal-593,418018.0,5872756.7
joachimsthal-594,418372.5,5872779.3
joachimsthal-595,418152.5,5872812.0
joachimsthal-596,418364.2,5872835.7
joachimsthal-597,418380.0,5872858.3
joachimsthal-598,418459.1,5872889.1
joachimsthal-599,418390.0,5872945.9
joachimsthal-600,412974.9,5870007.6
joachimsthal-601,412927.8,5870076.9
joachimsthal-602,413127.0,5870086.5
joachimsthal-603,413300.1,5870099.7
joachimsthal-604,412756.5,5869947.6
joachimsthal-605,413134.8,5870137.8
joachimsthal-606,413361.9,5870133.7
joachimsthal-607,412966.4,5870155.1
joachimsthal-608,413338.5,5870157.0
joachimsthal-609,412762.1,5870294.9
joachimsthal-610,413592.3,5869893.2
joachimsthal-611,413827.8,5869896.0
joachimsthal-612,413659.3,5869901.5
joachimsthal-613,413861.6,5869923.3
joachimsthal-614,413908.4,5869957.6
joachimsthal-615,413635.8,5870378.1
joachimsthal-616,413668.7,5870380.9
joachimsthal-617,413388.4,5870588.2
joachimsthal-618,413720.5,5870740.8
joachimsthal-619,413395.4,5870755.2
joachimsthal-620,412738.7,5870207.4
joachimsthal-621,412964.5,5870370.8
joachimsthal-622,413159.9,5870582.0
joachimsthal-623,412781.4,5870688.8
joachimsthal-624,412949.5,5870818.5
joachimsthal-625,412797.2,5870845.4
joachimsthal-626,412857.7,5870890.2
joachimsthal-627,413196.9,5870897.5
joachimsthal-628,413043.5,5870904.8
joachimsthal-629,412789.8,5870903.9
joachimsthal-630,413202.9,5870961.8
joachimsthal-631,412895.7,5871161.0
joachimsthal-632,412963.5,5871215.0
joachimsthal-633,412749.0,5871256.1
joachimsthal-634,413488.1,5871353.5
joachimsthal-635,413402.5,5871777.6
joachimsthal-636,413113.6,5871813.0
joachimsthal-637,412739.1,5872028.2
joachimsthal-638,412849.3,5872284.0
joachimsthal-639,413244.4,5872560.7
joachimsthal-640,414063.4,5869829.7
joachimsthal-641,414108.6,5869859.5
joachimsthal-642,414571.5,5869883.7
joachimsthal-643,414597.6,5869894.3
joachimsthal-644,414505.2,5869893.2
joachimsthal-645,414177.0,5869917.2
joachimsthal-646,414401.3,5869922.2
joachimsthal-647,414124.9,5869923.2
joachimsthal-648,414189.9,5872490.3
joachimsthal-649,413926.4,5870775.9
joachimsthal-650,413412.8,5871184.4
joachimsthal-651,413494.5,5871200.1
joachimsthal-652,413507.3,5871439.1
joachimsthal-653,413966.7,5871441.3
joachimsthal-654,413726.0,5871688.4
joachimsthal-655,413652.5,5871706.3
joachimsthal-656,413627.2,5871958.0
joachimsthal-657,413454.6,5872826.8
joachimsthal-658,412866.6,5872644.9
joachimsthal-659,412816.7,5872667.9
joachimsthal-660,412749.6,5872704.0
joachimsthal-661,412858.8,5872796.3
joachimsthal-662,412869.9,5873231.2
joachimsthal-663,413326.3,5873327.7
joachimsthal-664,412844.9,5873395.2
joachimsthal-665,412808.7,5873572.3
joachimsthal-666,413463.0,5873631.6
joachimsthal-667,414808.8,5871758.9
joachimsthal-668,414956.2,5871792.1
joachimsthal-669,414783.3,5871844.7
joachimsthal-670,414835.1,5871913.9
joachimsthal-671,414712.8,5871919.4
joachimsthal-672,415172.0,5871934.7
joachimsthal-673,415182.6,5872023.3
joachimsthal-674,415031.3,5872283.3
joachimsthal-675,415207.0,5872291.5
joachimsthal-676,414914.3,5872323.4
joachimsthal-677,416283.5,5872115.3
joachimsthal-678,415988.8,5872126.7
joachimsthal-679,416279.2,5872136.1
joachimsthal-680,416316.3,5872147.1
joachimsthal-681,416353.1,5872157.4
joachimsthal-682,416232.5,5872167.0
joachimsthal-683,416429.1,5872176.8
joachimsthal-684,416207.9,5872355.4
joachimsthal-685,416416.9,5872412.2
joachimsthal-686,416625.3,5872641.5
joachimsthal-687,415770.2,5872307.2
joachimsthal-688,415404.7,5872359.5
joachimsthal-689,415725.1,5872461.0
joachimsthal-690,415787.1,5872657.0
joachimsthal-691,415540.3,5872737.1
joachimsthal-692,415547.3,5873155.7
joachimsthal-693,415648.9,5873171.7
joachimsthal-694,415358.3,5873176.9
joachimsthal-695,415350.7,5873203.7
joachimsthal-696,415687.9,5873217.1
joachimsthal-697,416074.5,5872725.5
joachimsthal-698,416161.4,5873208.4
joachimsthal-699,416074.8,5873260.8
joachimsthal-700,416029.0,5873264.5
joachimsthal-701,416431.3,5873298.6
joachimsthal-702,416179.0,5873301.2
joachimsthal-703,416081.3,5873312.0
joachimsthal-704,416346.3,5873330.4
joachimsthal-705,416557.0,5873375.8
joachimsthal-706,416294.8,5873380.8
joachimsthal-707,414979.7,5872422.6
joachimsthal-708,414860.1,5872638.7
joachimsthal-709,415220.8,5872660.1
joachimsthal-710,414985.5,5872919.8
joachimsthal-711,414976.5,5872934.3
joachimsthal-712,415100.0,5872938.7
joachimsthal-713,415039.8,5872943.7
joachimsthal-714,415103.4,5873133.5
joachimsthal-715,414755.7,5873291.9
joachimsthal-716,415534.9,5873217.6
joachimsthal-717,415807.3,5873269.7
joachimsthal-718,415657.6,5873288.5
joachimsthal-719,415399.4,5873299.6
joachimsthal-720,415872.0,5873389.3
joachimsthal-721,415816.7,5873503.7
joachimsthal-722,415934.8,5873507.2
joachimsthal-723,415732.4,5873562.0
joachimsthal-724,415852.2,5873563.6
joachimsthal-725,416655.6,5873490.1
joachimsthal-726,416706.7,5873513.1
joachimsthal-727,416629.4,5873557.9
joachimsthal-728,416735.1,5873558.0
joachimsthal-729,417131.2,5873352.7
joachimsthal-730,416583.2,5873610.2
joachimsthal-731,416303.0,5873642.2
joachimsthal-732,417015.0,5873535.1
joachimsthal-733,415947.0,5873634.4
joachimsthal-734,417546.5,5872899.0
joachimsthal-735,417817.1,5872921.5
joachimsthal-736,417461.3,5873038.5
joachimsthal-737,417366.2,5873040.8
joachimsthal-738,417786.5,5873058.2
joachimsthal-739,417744.1,5873072.6
joachimsthal-740,417939.9,5873087.4
joachimsthal-741,417587.0,5873095.4
joachimsthal-742,417510.4,5873095.6
joachimsthal-743,418208.4,5873103.9
joachimsthal-744,417308.8,5872728.0
joachimsthal-745,417366.0,5872958.6
joachimsthal-746,417207.8,5873001.9
joachimsthal-747,416899.9,5873254.7
joachimsthal-748,417262.9,5873332.3
joachimsthal-749,417331.2,5873410.7
joachimsthal-750,417344.7,5873452.7
joachimsthal-751,416795.1,5873456.4
joachimsthal-752,417115.7,5873655.4
joachimsthal-753,418428.1,5872993.9
joachimsthal-754,418660.9,5872997.8
joachimsthal-755,418318.7,5873000.4
joachimsthal-756,418217.2,5873033.9
joachimsthal-757,418429.5,5873055.3
joachimsthal-758,418239.5,5873082.1
joachimsthal-759,418310.6,5873196.1
joachimsthal-760,418517.0,5873190.3
joachimsthal-761,418721.1,5873224.0
joachimsthal-762,418277.1,5873258.4
joachimsthal-763,417629.8,5873119.4
joachimsthal-764,417984.5,5873118.2
joachimsthal-765,418040.9,5873161.6
joachimsthal-766,418016.0,5873306.7
joachimsthal-767,417408.0,5873350.9
joachimsthal-768,417638.0,5873354.2
joachimsthal-769,417547.5,5873361.0
joachimsthal-770,417474.0,5873362.7
joachimsthal-771,417843.2,5873441.5
joachimsthal-772,417327.1,5873529.9
joachimsthal-773,418306.8,5873275.5
joachimsthal-774,418204.2,5873302.6
joachimsthal-775,418430.7,5873396.3
joachimsthal-776,418435.8,5873466.5
joachimsthal-777,418138.4,5873528.9
joachimsthal-778,418603.1,5873538.6
joachimsthal-779,418466.7,5873566.2
joachimsthal-780,418518.8,5873627.6
joachimsthal-781,418448.8,5873619.8
joachimsthal-782,418551.0,5873656.9
joachimsthal-783,417889.8,5873535.0
joachimsthal-784,418035.1,5873477.5
joachimsthal-785,417580.3,5873576.3
joachimsthal-786,417999.6,5873590.2
joachimsthal-787,417838.9,5873556.0
joachimsthal-788,417853.0,5873652.0
joachimsthal-789,417824.8,5873670.3
joachimsthal-790,418171.6,5873477.8
joachimsthal-791,417675.6,5873527.8
joachimsthal-792,418260.0,5873617.5
schwaerzesee-0,412591.8,5849869.2
schwaerzesee-1,411614.0,5849473.0
schwaerzesee-2,411613.5,5849529.9
schwaerzesee-3,412041.7,5849510.4
schwaerzesee-4,411964.3,5849549.1
schwaerzesee-5,411878.4,5849595.0
schwaerzesee-6,411797.0,5849609.5
schwaerzesee-7,411966.2,5849675.9
schwaerzesee-8,411698.7,5849710.8
schwaerzesee-9,411716.7,5849766.1
schwaerzesee-10,411139.8,5849527.4
schwaerzesee-11,410966.1,5849469.7
schwaerzesee-12,411327.9,5849476.9
schwaerzesee-13,411221.9,5849551.0
schwaerzesee-14,411434.7,5849623.1
schwaerzesee-15,411575.6,5849625.7
schwaerzesee-16,410965.0,5849635.0
schwaerzesee-17,411495.4,5849643.5
schwaerzesee-18,411281.0,5849688.1
schwaerzesee-19,411149.5,5849690.7
schwaerzesee-20,410774.6,5849486.2
schwaerzesee-21,410612.3,5849517.6
schwaerzesee-22,410683.7,5849578.9
schwaerzesee-23,410597.6,5849647.7
schwaerzesee-24,410883.6,5849647.6
schwaerzesee-25,410385.7,5849651.3
schwaerzesee-26,410457.4,5849670.6
schwaerzesee-27,410746.9,5849715.6
schwaerzesee-28,410801.1,5849835.2
schwaerzesee-29,410848.0,5849877.7
schwaerzesee-30,411839.6,5849788.6
schwaerzesee-31,411661.2,5849826.0
schwaerzesee-32,411956.9,5849835.8
schwaerzesee-33,411875.9,5849863.5
schwaerzesee-34,412095.1,5849869.7
schwaerzesee-35,411716.5,5849906.7
schwaerzesee-36,411909.8,5849991.2
schwaerzesee-37,411761.6,5850021.3
schwaerzesee-38,411910.8,5850088.9
schwaerzesee-39,411954.4,5850131.0
schwaerzesee-40,411501.2,5849736.7
schwaerzesee-41,411083.9,5849816.8
schwaerzesee-42,411249.9,5849822.7
schwaerzesee-43,411451.0,5849877.8
schwaerzesee-44,410987.1,5849905.5
schwaerzesee-45,410987.5,5849983.5
schwaerzesee-46,411424.7,5850008.8
schwaerzesee-47,411254.4,5850049.0
schwaerzesee-48,411069.5,5850163.2
schwaerzesee-49,411227.3,5850187.1
schwaerzesee-50,411557.6,5850192.9
schwaerzesee-51,411123.5,5850219.5
schwaerzesee-52,411217.5,5850237.7
schwaerzesee-53,411422.1,5850246.9
schwaerzesee-54,411082.5,5850261.8
schwaerzesee-55,411164.7,5850281.8
schwaerzesee-56,411203.7,5850385.4
schwaerzesee-57,411261.8,5850430.4
schwaerzesee-58,411462.8,5850475.2
schwaerzesee-59,411113.7,5850480.2
schwaerzesee-60,411777.1,5850147.5
schwaerzesee-61,411671.8,5850199.0
schwaerzesee-62,411777.2,5850212.7
schwaerzesee-63,412113.7,5850375.7
schwaerzesee-64,412141.5,5850393.3
schwaerzesee-65,411760.3,5850523.8
schwaerzesee-66,411649.8,5850530.8
schwaerzesee-67,411741.2,5850592.5
schwaerzesee-68,411751.2,5850687.2
schwaerzesee-69,411881.8,5850713.2
schwaerzesee-70,410891.0,5849951.4
schwaerzesee-71,410229.9,5850278.9
schwaerzesee-72,410196.1,5850278.9
schwaerzesee-73,410212.2,5850338.6
schwaerzesee-74,410612.0,5850436.6
schwaerzesee-75,410256.3,5850848.9
schwaerzesee-76,410808.8,5850648.1
schwaerzesee-77,410893.6,5850651.8
schwaerzesee-78,410696.8,5850700.7
schwaerzesee-79,410600.0,5850778.7
schwaerzesee-80,411312.9,5850513.2
schwaerzesee-81,411580.1,5850579.9
schwaerzesee-82,410925.5,5850589.9
schwaerzesee-83,411263.5,5850600.4
schwaerzesee-84,411579.9,5850624.5
schwaerzesee-85,411197.4,5850650.6
schwaerzesee-86,411401.2,5850654.5
schwaerzesee-87,411234.1,5850684.7
schwaerzesee-88,411622.4,5850742.3
schwaerzesee-89,411333.3,5850900.5
schwaerzesee-90,410568.7,5850809.4
schwaerzesee-91,410540.9,5850856.6
schwaerzesee-92,410419.5,5850854.9
schwaerzesee-93,410443.4,5850972.2
schwaerzesee-94,410899.9,5851258.2
schwaerzesee-95,410855.0,5851331.7
schwaerzesee-96,410840.7,5851363.3
schwaerzesee-97,410871.2,5851370.0
schwaerzesee-98,410389.0,5851391.3
schwaerzesee-99,410881.3,5851398.5
schwaerzesee-100,413528.7,5849509.9
schwaerzesee-101,413681.0,5849469.8
schwaerzesee-102,413777.7,5849474.3
schwaerzesee-103,414268.2,5849469.3
schwaerzesee-104,414058.8,5849471.6
schwaerzesee-105,413614.0,5849550.6
schwaerzesee-106,413853.6,5849493.2
schwaerzesee-107,414511.1,5849554.4
schwaerzesee-108,413814.8,5849549.0
schwaerzesee-109,413753.1,5849550.9
schwaerzesee-110,413395.9,5849536.3
schwaerzesee-111,413405.2,5849493.2
schwaerzesee-112,413123.7,5849545.8
schwaerzesee-113,413316.6,5849514.6
schwaerzesee-114,413043.7,5849587.6
schwaerzesee-115,413251.6,5849598.6
schwaerzesee-116,413472.5,5849609.5
schwaerzesee-117,413137.6,5849676.9
schwaerzesee-118,413194.6,5849676.6
schwaerzesee-119,413373.8,5849709.6
schwaerzesee-120,412252.3,5849524.6
schwaerzesee-121,412825.9,5849560.1
schwaerzesee-122,412789.5,5849611.2
schwaerzesee-123,412500.7,5849652.6
schwaerzesee-124,412186.6,5849675.5
schwaerzesee-125,412342.7,5849698.5
schwaerzesee-126,412298.8,5849729.6
schwaerzesee-127,412441.4,5849730.5
schwaerzesee-128,412281.5,5849775.7
schwaerzesee-129,412552.3,5849816.5
schwaerzesee-130,412309.4,5849880.7
schwaerzesee-131,412521.2,5849909.3
schwaerzesee-132,412702.1,5849939.5
schwaerzesee-133,412773.1,5849957.5
schwaerzesee-134,412322.9,5849963.4
schwaerzesee-135,412523.6,5849971.2
schwaerzesee-136,412812.6,5850022.8
schwaerzesee-137,412462.9,5850059.3
schwaerzesee-138,412324.9,5850063.4
schwaerzesee-139,412265.9,5850097.0
schwaerzesee-140,412614.0,5850108.4
schwaerzesee-141,412441.7,5850110.6
schwaerzesee-142,412175.6,5850103.0
schwaerzesee-143,412707.6,5850732.3
schwaerzesee-144,412765.5,5850733.5
schwaerzesee-145,412773.1,5850774.4
schwaerzesee-146,412635.2,5850777.8
schwaerzesee-147,412369.2,5850824.4
schwaerzesee-148,412613.4,5850827.7
schwaerzesee-149,412633.1,5850852.8
schwaerzesee-150,414252.2,5849622.3
schwaerzesee-151,413644.7,5849597.0
schwaerzesee-152,414416.7,5849772.2
schwaerzesee-153,414389.2,5850270.1
schwaerzesee-154,414203.1,5850765.0
schwaerzesee-155,414231.5,5851227.1
schwaerzesee-156,414485.7,5851256.9
schwaerzesee-157,414691.4,5851298.4
schwaerzesee-158,414484.4,5851303.4
schwaerzesee-159,413758.8,5851348.6
schwaerzesee-160,412928.7,5849801.7
schwaerzesee-161,413130.0,5849815.0
schwaerzesee-162,413197.4,5849827.7
schwaerzesee-163,412858.1,5849836.8
schwaerzesee-164,413097.7,5849859.9
schwaerzesee-165,412913.9,5849952.5
schwaerzesee-166,413157.2,5849966.2
schwaerzesee-167,413076.0,5849990.5
schwaerzesee-168,412956.2,5850003.6
schwaerzesee-169,413759.6,5850723.1
schwaerzesee-170,412670.4,5850864.6
schwaerzesee-171,412500.1,5850868.5
schwaerzesee-172,412559.9,5850870.0
schwaerzesee-173,412641.9,5850889.7
schwaerzesee-174,412695.1,5850923.8
schwaerzesee-175,412623.1,5851052.8
schwaerzesee-176,412194.9,5851271.5
schwaerzesee-177,412275.2,5851292.6
schwaerzesee-178,412178.4,5851453.8
schwaerzesee-179,412332.6,5851455.6
schwaerzesee-180,412976.7,5850764.4
schwaerzesee-181,412923.1,5850786.9
schwaerzesee-182,413439.6,5851336.4
schwaerzesee-183,413200.6,5851397.5
schwaerzesee-184,413423.2,5851602.1
schwaerzesee-185,413556.4,5851600.9
schwaerzesee-186,413265.7,5851622.2
schwaerzesee-187,413539.3,5851654.3
schwaerzesee-188,413479.2,5851668.0
schwaerzesee-189,413590.3,5851674.9
schwaerzesee-190,414018.5,5851367.8
schwaerzesee-191,414190.0,5851427.2
schwaerzesee-192,414118.7,5851425.2
schwaerzesee-193,414191.9,5851441.4
schwaerzesee-194,414180.6,5851468.6
schwaerzesee-195,414127.0,5851481.2
schwaerzesee-196,414557.4,5851511.5
schwaerzesee-197,414009.1,5851510.4
schwaerzesee-198,414363.7,5851528.8
schwaerzesee-199,414231.8,5851531.8
schwaerzesee-200,415460.0,5849620.9
schwaerzesee-201,415195.0,5849612.6
schwaerzesee-202,415196.0,5849753.7
schwaerzesee-203,415000.2,5849787.5
schwaerzesee-204,415373.1,5849788.1
schwaerzesee-205,415241.7,5849800.3
schwaerzesee-206,415573.1,5849898.6
schwaerzesee-207,415369.8,5849945.5
schwaerzesee-208,415128.2,5849993.6
schwaerzesee-209,415643.0,5850012.3
schwaerzesee-210,416080.9,5849560.3
schwaerzesee-211,415966.0,5849628.0
schwaerzesee-212,415762.0,5849671.0
schwaerzesee-213,416038.9,5849653.2
schwaerzesee-214,416028.1,5849698.3
schwaerzesee-215,415863.6,5849857.0
schwaerzesee-216,415926.3,5850065.4
schwaerzesee-217,416128.8,5850231.7
schwaerzesee-218,415956.5,5850216.7
schwaerzesee-219,415994.2,5850249.2
schwaerzesee-220,414765.4,5849471.6
schwaerzesee-221,414668.7,5849478.0
schwaerzesee-222,414542.7,5849492.3
schwaerzesee-223,414929.1,5849492.7
schwaerzesee-224,414889.4,5849551.7
schwaerzesee-225,414657.5,5849603.7
schwaerzesee-226,414703.3,5849718.6
schwaerzesee-227,414695.8,5849745.4
schwaerzesee-228,414912.7,5850130.0
schwaerzesee-229,414973.3,5850184.2
schwaerzesee-230,415269.5,5850014.4
schwaerzesee-231,415380.6,5850031.5
schwaerzesee-232,415427.8,5850032.7
schwaerzesee-233,415037.4,5850130.0
schwaerzesee-234,415545.2,5850196.8
schwaerzesee-235,415149.2,5850506.5
schwaerzesee-236,415189.6,5851196.9
schwaerzesee-237,415527.8,5851336.4
schwaerzesee-238,415550.7,5851390.5
schwaerzesee-239,415135.2,5851475.4
schwaerzesee-240,415952.3,5850275.3
schwaerzesee-241,415990.8,5850352.8
schwaerzesee-242,416031.7,5850421.6
schwaerzesee-243,416165.2,5850575.1
schwaerzesee-244,416017.0,5851204.2
schwaerzesee-245,415765.7,5851411.3
schwaerzesee-246,415804.5,5851433.2
schwaerzesee-247,415565.8,5851432.7
schwaerzesee-248,416006.9,5851436.0
schwaerzesee-249,415702.2,5851451.0
schwaerzesee-250,414634.4,5850723.1
schwaerzesee-251,414959.1,5850856.2
schwaerzesee-252,414915.2,5850964.4
schwaerzesee-253,414548.9,5851284.6
schwaerzesee-254,414570.2,5851289.0
schwaerzesee-255,414527.6,5851291.6
schwaerzesee-256,414641.3,5851297.3
schwaerzesee-257,414732.9,5851323.6
schwaerzesee-258,414549.8,5851317.8
schwaerzesee-259,414780.6,5851371.7
schwaerzesee-260,414835.3,5851380.2
schwaerzesee-261,414776.3,5851396.9
schwaerzesee-262,414790.1,5851445.2
schwaerzesee-263,414804.3,5851467.7
schwaerzesee-264,414601.3,5851469.5
schwaerzesee-265,414794.8,5851478.1
schwaerzesee-266,414829.3,5851484.4
schwaerzesee-267,414585.7,5851484.8
schwaerzesee-268,414677.9,5851493.4
schwaerzesee-269,414658.7,5851516.7
schwaerzesee-270,415977.4,5851452.3
schwaerzesee-271,415802.3,5851464.7
schwaerzesee-272,416097.1,5851482.2
schwaerzesee-273,415960.4,5851479.5
schwaerzesee-274,415826.3,5851499.3
schwaerzesee-275,415992.1,5851504.5
schwaerzesee-276,415894.2,5851524.5
schwaerzesee-277,416175.2,5851534.3
schwaerzesee-278,416142.1,5851542.1
schwaerzesee-279,415952.9,5851545.8
schwaerzesee-280,415631.6,5851488.1
schwaerzesee-281,415081.8,5851489.7
schwaerzesee-282,415036.3,5851512.7
schwaerzesee-283,415145.0,5851605.0
schwaerzesee-284,415569.2,5851630.8
schwaerzesee-285,415607.4,5851639.5
schwaerzesee-286,415123.1,5851647.4
schwaerzesee-287,415518.3,5851648.8
schwaerzesee-288,415466.2,5851648.4
schwaerzesee-289,415212.2,5851655.8
schwaerzesee-290,414870.6,5851515.0
schwaerzesee-291,414919.4,5851524.0
schwaerzesee-292,414974.7,5851514.3
schwaerzesee-293,414737.8,5851519.5
schwaerzesee-294,414892.3,5851540.4
schwaerzesee-295,414936.4,5851556.9
schwaerzesee-296,414665.9,5851578.6
schwaerzesee-297,415031.0,5851606.8
schwaerzesee-298,414866.3,5851613.7
schwaerzesee-299,415017.3,5851648.4
schwaerzesee-300,414445.9,5851533.9
schwaerzesee-301,414343.7,5851540.4
schwaerzesee-302,413624.6,5851574.1
schwaerzesee-303,413757.6,5851571.5
schwaerzesee-304,414349.7,5851584.3
schwaerzesee-305,413959.2,5851593.4
schwaerzesee-306,413857.0,5851584.5
schwaerzesee-307,413616.0,5851593.9
schwaerzesee-308,413749.2,5851590.3
schwaerzesee-309,413990.5,5851601.9
schwaerzesee-310,412600.2,5851618.9
schwaerzesee-311,412649.0,5851619.1
schwaerzesee-312,412528.6,5851622.7
schwaerzesee-313,412536.0,5851633.9
schwaerzesee-314,412763.0,5851643.8
schwaerzesee-315,412764.6,5851669.3
schwaerzesee-316,412612.0,5851668.3
schwaerzesee-317,412497.6,5851704.1
schwaerzesee-318,412401.7,5851709.1
schwaerzesee-319,412346.5,5851701.1
schwaerzesee-320,413729.0,5851611.7
schwaerzesee-321,413898.7,5851619.7
schwaerzesee-322,413710.4,5851647.0
schwaerzesee-323,414101.0,5851656.0
schwaerzesee-324,414060.9,5851705.8
schwaerzesee-325,413718.5,5851714.0
schwaerzesee-326,413890.0,5851718.5
schwaerzesee-327,414109.2,5851729.8
schwaerzesee-328,414114.3,5851776.6
schwaerzesee-329,414095.3,5851796.4
schwaerzesee-330,413186.3,5851688.8
schwaerzesee-331,412905.3,5851685.5
schwaerzesee-332,413423.9,5851695.3
schwaerzesee-333,413482.1,5851692.4
schwaerzesee-334,413106.4,5851701.1
schwaerzesee-335,413665.9,5851696.7
schwaerzesee-336,413024.2,5851708.7
schwaerzesee-337,413149.9,5851716.0
schwaerzesee-338,413364.9,5851724.7
schwaerzesee-339,413010.1,5851752.0
schwaerzesee-340,413490.4,5851757.6
schwaerzesee-341,412977.4,5851772.2
schwaerzesee-342,413162.4,5851772.2
schwaerzesee-343,413343.8,5851811.9
schwaerzesee-344,413482.5,5851840.9
schwaerzesee-345,412934.2,5851845.8
schwaerzesee-346,413192.5,5851860.8
schwaerzesee-347,413258.9,5851871.9
schwaerzesee-348,413554.0,5851878.2
schwaerzesee-349,413190.4,5851914.6
schwaerzesee-350,412376.7,5851711.9
schwaerzesee-351,412654.7,5851722.7
schwaerzesee-352,412673.9,5851727.6
schwaerzesee-353,412587.6,5851737.8
schwaerzesee-354,412634.4,5851784.2
schwaerzesee-355,412513.8,5851804.6
schwaerzesee-356,412428.4,5851803.5
schwaerzesee-357,412166.4,5851843.1
schwaerzesee-358,412066.2,5851979.0
schwaerzesee-359,412157.1,5851976.2
schwaerzesee-360,413721.6,5851806.0
schwaerzesee-361,414029.4,5851915.2
schwaerzesee-362,414608.7,5851977.7
schwaerzesee-363,414110.4,5852018.2
schwaerzesee-364,413910.9,5852154.6
schwaerzesee-365,413563.1,5852236.8
schwaerzesee-366,413880.5,5852268.8
schwaerzesee-367,413720.2,5852269.3
schwaerzesee-368,413653.2,5852294.2
schwaerzesee-369,413822.1,5852296.5
schwaerzesee-370,413191.5,5851965.8
schwaerzesee-371,413114.0,5851981.8
schwaerzesee-372,412853.5,5852009.6
schwaerzesee-373,413179.3,5852044.6
schwaerzesee-374,413195.2,5852065.0
schwaerzesee-375,413168.2,5852107.6
schwaerzesee-376,413117.7,5852112.2
schwaerzesee-377,412898.5,5852116.2
schwaerzesee-378,412950.0,5852119.3
schwaerzesee-379,413017.2,5852126.4
schwaerzesee-380,412385.0,5852036.2
schwaerzesee-381,412725.3,5852043.1
schwaerzesee-382,411856.9,5852094.7
schwaerzesee-383,412694.6,5852121.1
schwaerzesee-384,412756.0,5852158.9
schwaerzesee-385,412740.7,5852173.8
schwaerzesee-386,412639.7,5852244.2
schwaerzesee-387,412674.0,5852387.3
schwaerzesee-388,412683.2,5852445.8
schwaerzesee-389,412591.9,5852458.0
schwaerzesee-390,412833.6,5852160.9
schwaerzesee-391,412914.3,5852204.1
schwaerzesee-392,413459.1,5852218.5
schwaerzesee-393,413425.6,5852218.6
schwaerzesee-394,413220.9,5852229.5
schwaerzesee-395,413510.3,5852243.2
schwaerzesee-396,413243.7,5852254.6
schwaerzesee-397,413030.1,5852260.6
schwaerzesee-398,413557.3,5852264.2
schwaerzesee-399,413189.0,5852267.5
schwaerzesee-400,411825.2,5850715.6
schwaerzesee-401,411618.4,5850731.9
schwaerzesee-402,411759.7,5850734.3
schwaerzesee-403,411672.4,5850772.9
schwaerzesee-404,411918.2,5850973.6
schwaerzesee-405,412024.5,5851028.9
schwaerzesee-406,411974.7,5851086.0
schwaerzesee-407,412016.4,5851098.0
schwaerzesee-408,411934.6,5851106.2
schwaerzesee-409,411912.7,5851210.1
schwaerzesee-410,411050.6,5850990.5
schwaerzesee-411,411116.9,5851000.8
schwaerzesee-412,411087.9,5851040.5
schwaerzesee-413,411286.5,5851062.4
schwaerzesee-414,411201.2,5851063.7
schwaerzesee-415,411104.8,5851079.7
schwaerzesee-416,410980.2,5851131.0
schwaerzesee-417,410958.8,5851130.5
schwaerzesee-418,411285.4,5851134.1
schwaerzesee-419,411393.0,5851209.5
schwaerzesee-420,411884.4,5851316.5
schwaerzesee-421,412132.8,5851404.8
schwaerzesee-422,411604.6,5851402.9
schwaerzesee-423,411877.4,5851412.6
schwaerzesee-424,412113.4,5851461.8
schwaerzesee-425,411613.5,5851462.0
schwaerzesee-426,412045.3,5851475.3
schwaerzesee-427,411873.1,5851481.0
schwaerzesee-428,412059.5,5851506.5
schwaerzesee-429,412088.1,5851512.6
schwaerzesee-430,411452.4,5851233.7
schwaerzesee-431,410938.0,5851234.8
schwaerzesee-432,411476.7,5851263.2
schwaerzesee-433,411475.6,5851285.3
schwaerzesee-434,411513.9,5851290.4
schwaerzesee-435,411559.3,5851327.4
schwaerzesee-436,411582.9,5851376.5
schwaerzesee-437,411573.2,5851391.8
schwaerzesee-438,411599.5,5851419.5
schwaerzesee-439,411114.7,5851429.3
schwaerzesee-440,410411.5,5851446.0
schwaerzesee-441,410315.5,5851473.4
schwaerzesee-442,410371.4,5851501.2
schwaerzesee-443,410297.3,5851503.8
schwaerzesee-444,410748.1,5851522.3
schwaerzesee-445,410302.0,5851546.1
schwaerzesee-446,410240.8,5851651.2
schwaerzesee-447,410240.4,5851669.4
schwaerzesee-448,410810.9,5851681.7
schwaerzesee-449,410720.6,5851680.6
schwaerzesee-450,412121.0,5851519.5
schwaerzesee-451,412157.1,5851528.6
schwaerzesee-452,411687.2,5851524.2
schwaerzesee-453,411687.4,5851549.0
schwaerzesee-454,411910.0,5851567.2
schwaerzesee-455,411841.7,5851588.2
schwaerzesee-456,411917.2,5851619.3
schwaerzesee-457,411820.5,5851701.7
schwaerzesee-458,411688.7,5851752.4
schwaerzesee-459,411827.2,5851753.4
schwaerzesee-460,410248.1,5851697.5
schwaerzesee-461,410744.3,5851704.0
schwaerzesee-462,410709.9,5851736.2
schwaerzesee-463,410618.1,5851751.4
schwaerzesee-464,410485.1,5851845.0
schwaerzesee-465,410368.3,5851853.9
schwaerzesee-466,410292.5,5851866.2
schwaerzesee-467,410518.1,5852011.6
schwaerzesee-468,410607.5,5852030.3
schwaerzesee-469,410570.6,5852070.9
schwaerzesee-470,411024.6,5851768.0
schwaerzesee-471,411522.1,5851772.8
schwaerzesee-472,411507.2,5851901.5
schwaerzesee-473,411785.0,5852356.0
schwaerzesee-474,411306.8,5852666.8
schwaerzesee-475,411171.0,5852723.2
schwaerzesee-476,411419.8,5852837.3
schwaerzesee-477,410968.2,5853363.1
schwaerzesee-478,411030.9,5853379.3
schwaerzesee-479,411157.4,5853405.8
schwaerzesee-480,411979.6,5851785.3
schwaerzesee-481,411907.5,5851782.2
schwaerzesee-482,411851.0,5851784.2
schwaerzesee-483,412021.3,5851803.8
schwaerzesee-484,412080.3,5851847.0
schwaerzesee-485,412122.1,5851893.0
schwaerzesee-486,411965.3,5851975.5
schwaerzesee-487,411788.1,5852483.8
schwaerzesee-488,411617.7,5852826.4
schwaerzesee-489,411774.6,5852952.2
schwaerzesee-490,410599.2,5852216.0
schwaerzesee-491,410411.7,5852976.7
schwaerzesee-492,410619.4,5853077.4
schwaerzesee-493,410196.2,5853320.4
schwaerzesee-494,410218.4,5853390.6
schwaerzesee-495,410817.2,5853342.1
schwaerzesee-496,410679.9,5853353.0
schwaerzesee-497,410794.8,5853355.2
schwaerzesee-498,410885.1,5853357.7
schwaerzesee-499,410756.4,5853407.9
schwaerzesee-500,415774.4,5851547.9
schwaerzesee-501,416132.0,5851553.3
schwaerzesee-502,415739.6,5851553.8
schwaerzesee-503,415852.4,5851563.7
schwaerzesee-504,416192.2,5851550.2
schwaerzesee-505,416095.4,5851590.5
schwaerzesee-506,416190.1,5851605.4
schwaerzesee-507,415918.6,5851568.2
schwaerzesee-508,415789.5,5851645.1
schwaerzesee-509,415663.6,5851647.1
schwaerzesee-510,414886.7,5851651.6
schwaerzesee-511,414856.3,5851677.8
schwaerzesee-512,414829.3,5851680.1
schwaerzesee-513,414902.7,5851700.6
schwaerzesee-514,414930.5,5851708.9
schwaerzesee-515,414939.9,5851718.0
schwaerzesee-516,415004.8,5851733.6
schwaerzesee-517,414895.0,5851737.7
schwaerzesee-518,414964.7,5851760.2
schwaerzesee-519,414960.6,5851794.5
schwaerzesee-520,415502.2,5851660.8
schwaerzesee-521,415405.5,5851670.0
schwaerzesee-522,415196.6,5851770.9
schwaerzesee-523,415221.0,5851779.5
schwaerzesee-524,415475.0,5851836.9
schwaerzesee-525,415350.9,5851842.7
schwaerzesee-526,415489.3,5851858.2
schwaerzesee-527,415411.7,5851926.0
schwaerzesee-528,415443.2,5851933.2
schwaerzesee-529,415385.7,5851951.8
schwaerzesee-530,415847.4,5851658.3
schwaerzesee-531,416122.9,5851626.8
schwaerzesee-532,416180.9,5851611.5
schwaerzesee-533,416099.0,5851680.6
schwaerzesee-534,415779.7,5851723.4
schwaerzesee-535,415757.3,5851766.0
schwaerzesee-536,415982.0,5851767.9
schwaerzesee-537,415611.6,5851838.0
schwaerzesee-538,416124.3,5851828.8
schwaerzesee-539,416061.4,5851743.2
schwaerzesee-540,415135.6,5851958.4
schwaerzesee-541,415311.5,5851979.1
schwaerzesee-542,415443.8,5852006.5
schwaerzesee-543,415170.6,5852055.7
schwaerzesee-544,415256.2,5852079.0
schwaerzesee-545,415068.4,5852104.4
schwaerzesee-546,415569.4,5852119.6
schwaerzesee-547,415469.2,5852123.3
schwaerzesee-548,415142.3,5852133.9
schwaerzesee-549,415639.2,5852232.9
schwaerzesee-550,414911.9,5851863.5
schwaerzesee-551,414740.9,5852022.5
schwaerzesee-552,414864.7,5852046.6
schwaerzesee-553,414641.4,5852154.5
schwaerzesee-554,414886.9,5852180.3
schwaerzesee-555,414871.7,5852253.4
schwaerzesee-556,414811.4,5852304.8
schwaerzesee-557,414746.2,5852383.4
schwaerzesee-558,414672.5,5852402.0
schwaerzesee-559,414564.5,5852418.2
schwaerzesee-560,416024.5,5851813.7
schwaerzesee-561,416058.4,5851933.9
schwaerzesee-562,416192.5,5852051.2
schwaerzesee-563,415734.4,5852189.4
schwaerzesee-564,415719.5,5852259.7
schwaerzesee-565,415890.6,5852353.2
schwaerzesee-566,416160.5,5851957.6
schwaerzesee-567,415884.5,5852073.4
schwaerzesee-568,415685.4,5852593.8
schwaerzesee-569,415677.8,5852611.7
schwaerzesee-570,415092.4,5852285.0
schwaerzesee-571,415113.9,5852440.9
schwaerzesee-572,415486.1,5852455.8
schwaerzesee-573,415567.7,5852552.0
schwaerzesee-574,415330.3,5852580.7
schwaerzesee-575,415121.1,5852597.4
schwaerzesee-576,415266.9,5852641.0
schwaerzesee-577,415230.0,5852832.6
schwaerzesee-578,415562.7,5852834.5
schwaerzesee-579,415156.7,5852862.8
schwaerzesee-580,414936.8,5852491.7
schwaerzesee-581,414604.5,5852537.3
schwaerzesee-582,414569.7,5852551.9
schwaerzesee-583,414805.8,5852646.5
schwaerzesee-584,414958.0,5852743.0
schwaerzesee-585,414834.1,5852755.6
schwaerzesee-586,415169.9,5852832.6
schwaerzesee-587,414601.0,5852902.4
schwaerzesee-588,414655.1,5852997.5
schwaerzesee-589,414702.4,5853096.3
schwaerzesee-590,414945.7,5853144.6
schwaerzesee-591,414849.8,5853273.7
schwaerzesee-592,414584.9,5853376.5
schwaerzesee-593,414816.3,5853468.5
schwaerzesee-594,414667.5,5853581.1
schwaerzesee-595,415468.2,5852870.3
schwaerzesee-596,415148.0,5852895.4
schwaerzesee-597,415372.4,5852900.0
schwaerzesee-598,415280.3,5852909.1
schwaerzesee-599,415046.1,5853304.5
schwaerzesee-600,415199.1,5853355.5
schwaerzesee-601,415029.4,5853449.1
schwaerzesee-602,415379.1,5853491.4
schwaerzesee-603,415467.9,5853510.6
schwaerzesee-604,415842.4,5853516.4
schwaerzesee-605,415788.4,5852617.5
schwaerzesee-606,415907.7,5852677.0
schwaerzesee-607,415838.0,5852731.0
schwaerzesee-608,415761.6,5852752.2
schwaerzesee-609,415659.8,5852788.9
schwaerzesee-610,415429.6,5853041.3
schwaerzesee-611,416118.7,5853079.5
schwaerzesee-612,416082.5,5854694.8
schwaerzesee-613,416132.8,5854805.8
schwaerzesee-614,416074.2,5854841.1
schwaerzesee-615,415429.1,5853672.6
schwaerzesee-616,415026.4,5853701.2
schwaerzesee-617,415417.0,5853763.8
schwaerzesee-618,415165.2,5854075.8
schwaerzesee-619,415519.1,5854258.6
schwaerzesee-620,413815.5,5852322.1
schwaerzesee-621,413771.5,5852329.2
schwaerzesee-622,413812.5,5852803.3
schwaerzesee-623,414203.9,5852945.7
schwaerzesee-624,414325.0,5853059.2
schwaerzesee-625,414137.6,5853093.3
schwaerzesee-626,413747.1,5853702.1
schwaerzesee-627,414101.5,5853715.4
schwaerzesee-628,413798.4,5853731.5
schwaerzesee-629,413754.6,5853815.7
schwaerzesee-630,414426.8,5853814.3
schwaerzesee-631,413802.8,5853825.0
schwaerzesee-632,413861.7,5853852.1
schwaerzesee-633,414235.0,5854130.7
schwaerzesee-634,414286.7,5854266.0
schwaerzesee-635,413494.4,5852272.7
schwaerzesee-636,413323.5,5852651.9
schwaerzesee-637,413211.7,5852950.5
schwaerzesee-638,413199.9,5852968.5
schwaerzesee-639,412908.5,5855382.2
schwaerzesee-640,412194.3,5854397.2
schwaerzesee-641,412705.2,5854723.5
schwaerzesee-642,412661.4,5854752.7
schwaerzesee-643,412614.5,5854772.6
schwaerzesee-644,412772.4,5855378.2
schwaerzesee-645,410738.8,5853425.6
schwaerzesee-646,410836.4,5853430.2
schwaerzesee-647,410242.0,5853431.6
schwaerzesee-648,410239.6,5853638.0
schwaerzesee-649,410323.1,5853489.7
schwaerzesee-650,410733.7,5853801.7
schwaerzesee-651,410679.6,5853663.2
schwaerzesee-652,410810.3,5853836.8
schwaerzesee-653,410305.1,5853889.1
schwaerzesee-654,410309.6,5853989.5
schwaerzesee-655,410933.1,5853436.7
schwaerzesee-656,410989.3,5853450.8
schwaerzesee-657,411047.7,5853462.1
schwaerzesee-658,411299.0,5854499.2
schwaerzesee-659,411273.4,5854612.2
schwaerzesee-660,410204.4,5854029.2
schwaerzesee-661,410593.6,5854445.4
schwaerzesee-662,410476.0,5854515.4
schwaerzesee-663,410768.0,5854567.9
schwaerzesee-664,410816.2,5854597.0
schwaerzesee-665,411872.9,5854302.2
schwaerzesee-666,411914.1,5854396.5
schwaerzesee-667,411749.6,5854625.8
schwaerzesee-668,412172.0,5854931.0
schwaerzesee-669,412098.9,5855107.0
